id	title	title_source	start	aat_types	title_uri	ccodes
whc_001	Agadez	Organization of World Heritage Cities	2026	300008389	https://en.wikipedia.org//wiki/Agadez	NE
whc_002	Cidade Velha	Organization of World Heritage Cities	2026	300008389	https://en.wikipedia.org//wiki/Cidade_Velha	CV
whc_003	Dakar	Organization of World Heritage Cities	2026	300008389	https://en.wikipedia.org//wiki/Dakar	SN
whc_004	Grand-Bassam	Organization of World Heritage Cities	2026	300008389	https://en.wikipedia.org//wiki/Grand-Bassam	CI
whc_005	Harar Jugol	Organization of World Heritage Cities	2026	300008389	https://en.wikipedia.org//wiki/Harar_Jugol	ET
whc_006	Island of Mozambique	Organization of World Heritage Cities	2026	300008389	https://en.wikipedia.org//wiki/Island_of_Mozambique	MZ
whc_007	Lamu	Organization of World Heritage Cities	2026	300008389	https://en.wikipedia.org//wiki/Lamu	KE
whc_008	Mombasa	Organization of World Heritage Cities	2026	300008389	https://en.wikipedia.org//wiki/Mombasa	KE
whc_009	Saint-Louis	Organization of World Heritage Cities	2026	300008389	https://en.wikipedia.org//wiki/Saint-Louis,_Senegal	SN
whc_010	Timbuktu	Organization of World Heritage Cities	2026	300008389	https://en.wikipedia.org//wiki/Timbuktu	ML
whc_011	Zanzibar City	Organization of World Heritage Cities	2026	300008389	https://en.wikipedia.org//wiki/Zanzibar_City	TZ
whc_012	Aleppo	Organization of World Heritage Cities	2026	300008389	https://en.wikipedia.org//wiki/Aleppo	SY
whc_013	Algiers	Organization of World Heritage Cities	2026	300008389	https://en.wikipedia.org//wiki/Algiers	DZ
whc_014	Cairo	Organization of World Heritage Cities	2026	300008389	https://en.wikipedia.org//wiki/Cairo	EG
whc_015	Damascus	Organization of World Heritage Cities	2026	300008389	https://en.wikipedia.org//wiki/Damascus	SY
whc_016	Erbil	Organization of World Heritage Cities	2026	300008389	https://en.wikipedia.org//wiki/Erbil	IQ
whc_017	Essaouira	Organization of World Heritage Cities	2026	300008389	https://en.wikipedia.org//wiki/Essaouira	MA
whc_018	Fez	Organization of World Heritage Cities	2026	300008389	https://en.wikipedia.org//wiki/Fez,_Morocco	MA
whc_019	Ghadames	Organization of World Heritage Cities	2026	300008389	https://en.wikipedia.org//wiki/Ghadames	LY
whc_020	Ghardaïa	Organization of World Heritage Cities	2026	300008389	https://en.wikipedia.org//wiki/Gharda%C3%AFa	DZ
whc_021	Jeddah	Organization of World Heritage Cities	2026	300008389	https://en.wikipedia.org//wiki/Jeddah	SA
whc_022	Kairouan	Organization of World Heritage Cities	2026	300008389	https://en.wikipedia.org//wiki/Kairouan	TN
whc_023	Marrakesh	Organization of World Heritage Cities	2026	300008389	https://en.wikipedia.org//wiki/Marrakesh	MA
whc_024	Meknes	Organization of World Heritage Cities	2026	300008389	https://en.wikipedia.org//wiki/Meknes	MA
whc_025	Muharraq	Organization of World Heritage Cities	2026	300008389	https://en.wikipedia.org//wiki/Muharraq	BH
whc_026	Rabat	Organization of World Heritage Cities	2026	300008389	https://en.wikipedia.org//wiki/Rabat	MA
whc_027	Sanaa	Organization of World Heritage Cities	2026	300008389	https://en.wikipedia.org//wiki/Sanaa	YE
whc_028	Shibam	Organization of World Heritage Cities	2026	300008389	https://en.wikipedia.org//wiki/Shibam	YE
whc_029	Sousse	Organization of World Heritage Cities	2026	300008389	https://en.wikipedia.org//wiki/Sousse	TN
whc_030	Tétouan	Organization of World Heritage Cities	2026	300008389	https://en.wikipedia.org//wiki/T%C3%A9touan	MA
whc_031	Tunis	Organization of World Heritage Cities	2026	300008389	https://en.wikipedia.org//wiki/Tunis	TN
whc_032	Zabid	Organization of World Heritage Cities	2026	300008389	https://en.wikipedia.org//wiki/Zabid	YE
whc_033	Ahmedabad	Organization of World Heritage Cities	2026	300008389	https://en.wikipedia.org//wiki/Ahmedabad,_India	IN
whc_034	Acre	Organization of World Heritage Cities	2026	300008389	https://en.wikipedia.org//wiki/Acre,_Israel	IL
whc_035	Aktau	Organization of World Heritage Cities	2026	300008389	https://en.wikipedia.org//wiki/Aktau	KZ
whc_036	Jaipur	Organization of World Heritage Cities	2026	300008389	https://en.wikipedia.org//wiki/Jaipur,_India	IN
whc_037	Andong	Organization of World Heritage Cities	2026	300008389	https://en.wikipedia.org//wiki/Andong	KR
whc_038	Anuradhapura	Organization of World Heritage Cities	2026	300008389	https://en.wikipedia.org//wiki/Anuradhapura	LK
whc_039	Baku-Old City	Organization of World Heritage Cities	2026	300008389	https://en.wikipedia.org//wiki/Old_City_(Baku)	AZ
whc_040	Bam	Organization of World Heritage Cities	2026	300008389	https://en.wikipedia.org//wiki/Bam,_Iran	IR
whc_041	Bergama	Organization of World Heritage Cities	2026	300008389	https://en.wikipedia.org//wiki/Bergama	TR
whc_042	Bhaktapur	Organization of World Heritage Cities	2026	300008389	https://en.wikipedia.org//wiki/Bhaktapur	NP
whc_043	Boeun	Organization of World Heritage Cities	2026	300008389	https://en.wikipedia.org//wiki/Boeun_County	KR
whc_044	Bursa	Organization of World Heritage Cities	2026	300008389	https://en.wikipedia.org//wiki/Bursa	TR
whc_045	Buyeo County	Organization of World Heritage Cities	2026	300008389	https://en.wikipedia.org//wiki/Buyeo_County	KR
whc_046	Chengde	Organization of World Heritage Cities	2026	300008389	https://en.wikipedia.org//wiki/Chengde	CN
whc_047	Denpasar	Organization of World Heritage Cities	2026	300008389	https://en.wikipedia.org//wiki/Denpasar	ID
whc_048	Diyarbakır	Organization of World Heritage Cities	2026	300008389	https://en.wikipedia.org//wiki/Diyarbak%C4%B1r	TR
whc_049	Dujiangyan City	Organization of World Heritage Cities	2026	300008389	https://en.wikipedia.org//wiki/Dujiangyan_City	CN
whc_050	Galle	Organization of World Heritage Cities	2026	300008389	https://en.wikipedia.org//wiki/Galle	LK
whc_051	George Town	Organization of World Heritage Cities	2026	300008389	https://en.wikipedia.org//wiki/George_Town,_Penang	MY
whc_052	Gianyar	Organization of World Heritage Cities	2026	300008389	https://en.wikipedia.org//wiki/Gianyar_Regency	ID
whc_053	Gochang County	Organization of World Heritage Cities	2026	300008389	https://en.wikipedia.org//wiki/Gochang_County	KR
whc_054	Gongju	Organization of World Heritage Cities	2026	300008389	https://en.wikipedia.org//wiki/Gongju	KR
whc_055	Goris	Organization of World Heritage Cities	2026	300008389	https://en.wikipedia.org//wiki/Goris	AM
whc_056	Gwangju	Organization of World Heritage Cities	2026	300008389	https://en.wikipedia.org//wiki/Gwangju,_Gyeonggi	KR
whc_057	Gyeongju	Organization of World Heritage Cities	2026	300008389	https://en.wikipedia.org//wiki/Gyeongju	KR
whc_058	Haenam	Organization of World Heritage Cities	2026	300008389	https://en.wikipedia.org//wiki/Haenam_County	KR
whc_059	Hapcheon	Organization of World Heritage Cities	2026	300008389	https://en.wikipedia.org//wiki/Hapcheon_County	KR
whc_060	Hội An	Organization of World Heritage Cities	2026	300008389	https://en.wikipedia.org//wiki/H%E1%BB%99i_An	VN
whc_061	Huế	Organization of World Heritage Cities	2026	300008389	https://en.wikipedia.org//wiki/Hu%E1%BA%BF	VN
whc_062	Hwasun County	Organization of World Heritage Cities	2026	300008389	https://en.wikipedia.org//wiki/Hwasun_County	KR
whc_063	Istanbul	Organization of World Heritage Cities	2026	300008389	https://en.wikipedia.org//wiki/Istanbul	TR
whc_064	Iksan	Organization of World Heritage Cities	2026	300008389	https://en.wikipedia.org//wiki/Iksan	KR
whc_065	Jerusalem	Organization of World Heritage Cities	2026	300008389	https://en.wikipedia.org//wiki/Jerusalem	IL
whc_066	Jongno	Organization of World Heritage Cities	2026	300008389	https://en.wikipedia.org//wiki/Jongno_District	KR
whc_067	Kandy	Organization of World Heritage Cities	2026	300008389	https://en.wikipedia.org//wiki/Kandy	LK
whc_068	Karangasem	Organization of World Heritage Cities	2026	300008389	https://en.wikipedia.org//wiki/Karangasem_Regency	ID
whc_069	Kathmandu	Organization of World Heritage Cities	2026	300008389	https://en.wikipedia.org//wiki/Kathmandu	NP
whc_070	Khiva	Organization of World Heritage Cities	2026	300008389	https://en.wikipedia.org//wiki/Khiva	UZ
whc_071	Konya	Organization of World Heritage Cities	2026	300008389	https://en.wikipedia.org//wiki/Konya	TR
whc_072	Kyoto	Organization of World Heritage Cities	2026	300008389	https://en.wikipedia.org//wiki/Kyoto	JP
whc_073	Lalitpur (Patan)	Organization of World Heritage Cities	2026	300008389	https://en.wikipedia.org//wiki/Lalitpur,_Nepal	NP
whc_074	Levuka	Organization of World Heritage Cities	2026	300008389	https://en.wikipedia.org//wiki/Levuka	FJ
whc_075	Lijiang	Organization of World Heritage Cities	2026	300008389	https://en.wikipedia.org//wiki/Lijiang	CN
whc_076	Luang Prabang	Organization of World Heritage Cities	2026	300008389	https://en.wikipedia.org//wiki/Luang_Prabang	LA
whc_077	Macau	Organization of World Heritage Cities	2026	300008389	https://en.wikipedia.org//wiki/Macau	CN
whc_078	Melaka	Organization of World Heritage Cities	2026	300008389	https://en.wikipedia.org//wiki/Melaka	MY
whc_079	Miagao	Organization of World Heritage Cities	2026	300008389	https://en.wikipedia.org//wiki/Miagao	PH
whc_080	Nara	Organization of World Heritage Cities	2026	300008389	https://en.wikipedia.org//wiki/Nara,_Nara	JP
whc_081	Pyay	Organization of World Heritage Cities	2026	300008389	https://en.wikipedia.org//wiki/Pyay	MM
whc_082	Safranbolu	Organization of World Heritage Cities	2026	300008389	https://en.wikipedia.org//wiki/Safranbolu	TR
whc_083	Selçuk	Organization of World Heritage Cities	2026	300008389	https://en.wikipedia.org//wiki/Sel%C3%A7uk	TR
whc_084	Seongbuk	Organization of World Heritage Cities	2026	300008389	https://en.wikipedia.org//wiki/Seongbuk_District	KR
whc_085	Singapore	Organization of World Heritage Cities	2026	300008389	https://en.wikipedia.org//wiki/Singapore	SG
whc_086	Surakarta	Organization of World Heritage Cities	2026	300008389	https://en.wikipedia.org//wiki/Surakarta	ID
whc_087	Suwon	Organization of World Heritage Cities	2026	300008389	https://en.wikipedia.org//wiki/Suwon	KR
whc_088	Suzhou	Organization of World Heritage Cities	2026	300008389	https://en.wikipedia.org//wiki/Suzhou,_Jiangsu	CN
whc_089	Tel Aviv	Organization of World Heritage Cities	2026	300008389	https://en.wikipedia.org//wiki/Tel_Aviv	IL
whc_090	Turkistan	Organization of World Heritage Cities	2026	300008389	https://en.wikipedia.org//wiki/Turkistan_(city)	KZ
whc_091	Vigan	Organization of World Heritage Cities	2026	300008389	https://en.wikipedia.org//wiki/Vigan	PH
whc_092	Yangsan	Organization of World Heritage Cities	2026	300008389	https://en.wikipedia.org//wiki/Yangsan	KR
whc_093	Yazd	Organization of World Heritage Cities	2026	300008389	https://en.wikipedia.org//wiki/Yazd	IR
whc_094	Yeongju	Organization of World Heritage Cities	2026	300008389	https://en.wikipedia.org//wiki/Yeongju	KR
whc_095	Yerevan	Organization of World Heritage Cities	2026	300008389	https://en.wikipedia.org//wiki/Yerevan	AM
whc_096	Alcalá de Henares	Organization of World Heritage Cities	2026	300008389	https://en.wikipedia.org//wiki/Alcal%C3%A1_de_Henares	ES
whc_097	Amsterdam	Organization of World Heritage Cities	2026	300008389	https://en.wikipedia.org//wiki/Amsterdam	NL
whc_098	Angra do Heroísmo	Organization of World Heritage Cities	2026	300008389	https://en.wikipedia.org//wiki/Angra_do_Hero%C3%ADsmo	PT
whc_099	Aranjuez	Organization of World Heritage Cities	2026	300008389	https://en.wikipedia.org//wiki/Aranjuez	ES
whc_100	Augsburg	Organization of World Heritage Cities	2026	300008389	https://en.wikipedia.org//wiki/Augsburg	DE
whc_101	Ávila	Organization of World Heritage Cities	2026	300008389	https://en.wikipedia.org//wiki/%C3%81vila	ES
whc_102	Baeza	Organization of World Heritage Cities	2026	300008389	https://en.wikipedia.org//wiki/Baeza,_Spain	ES
whc_103	Bamberg	Organization of World Heritage Cities	2026	300008389	https://en.wikipedia.org//wiki/Bamberg	DE
whc_104	Banská Štiavnica	Organization of World Heritage Cities	2026	300008389	https://en.wikipedia.org//wiki/Bansk%C3%A1_%C5%A0tiavnica	SK
whc_105	Bardejov	Organization of World Heritage Cities	2026	300008389	https://en.wikipedia.org//wiki/Bardejov	SK
whc_106	Bath	Organization of World Heritage Cities	2026	300008389	https://en.wikipedia.org//wiki/Bath,_Somerset	GB
whc_107	Beemster	Organization of World Heritage Cities	2026	300008389	https://en.wikipedia.org//wiki/Beemster	NL
whc_108	Bergen	Organization of World Heritage Cities	2026	300008389	https://en.wikipedia.org//wiki/Bergen_Municipality	NO
whc_109	Berlin	Organization of World Heritage Cities	2026	300008389	https://en.wikipedia.org//wiki/Berlin	DE
whc_110	Bern	Organization of World Heritage Cities	2026	300008389	https://en.wikipedia.org//wiki/Bern	CH
whc_111	Bernau bei Berlin	Organization of World Heritage Cities	2026	300008389	https://en.wikipedia.org//wiki/Bernau_bei_Berlin	DE
whc_112	Biertan	Organization of World Heritage Cities	2026	300008389	https://en.wikipedia.org//wiki/Biertan	RO
whc_113	Bolgar	Organization of World Heritage Cities	2026	300008389	https://en.wikipedia.org//wiki/Bolgar,_Spassky_District,_Republic_of_Tatarstan	RU
whc_114	Bordeaux	Organization of World Heritage Cities	2026	300008389	https://en.wikipedia.org//wiki/Bordeaux	FR
whc_115	Bruges	Organization of World Heritage Cities	2026	300008389	https://en.wikipedia.org//wiki/Bruges	BE
whc_116	Brussels	Organization of World Heritage Cities	2026	300008389	https://en.wikipedia.org//wiki/Brussels	BE
whc_117	Budapest	Organization of World Heritage Cities	2026	300008389	https://en.wikipedia.org//wiki/Budapest	HU
whc_118	Cáceres	Organization of World Heritage Cities	2026	300008389	https://en.wikipedia.org//wiki/C%C3%A1ceres,_Spain	ES
whc_119	Carcassonne	Organization of World Heritage Cities	2026	300008389	https://en.wikipedia.org//wiki/Carcassonne	FR
whc_120	Český Krumlov	Organization of World Heritage Cities	2026	300008389	https://en.wikipedia.org//wiki/%C4%8Cesk%C3%BD_Krumlov	CZ
whc_121	Coimbra	Organization of World Heritage Cities	2026	300008389	https://en.wikipedia.org//wiki/Coimbra	PT
whc_122	Córdoba	Organization of World Heritage Cities	2026	300008389	https://en.wikipedia.org//wiki/C%C3%B3rdoba,_Andalusia	ES
whc_123	Cuenca	Organization of World Heritage Cities	2026	300008389	https://en.wikipedia.org//wiki/Cuenca,_Spain	ES
whc_124	Derbent	Organization of World Heritage Cities	2026	300008389	https://en.wikipedia.org//wiki/Derbent	RU
whc_125	Dessau	Organization of World Heritage Cities	2026	300008389	https://en.wikipedia.org//wiki/Dessau	DE
whc_126	Dubrovnik	Organization of World Heritage Cities	2026	300008389	https://en.wikipedia.org//wiki/Dubrovnik	HR
whc_127	Edinburgh	Organization of World Heritage Cities	2026	300008389	https://en.wikipedia.org//wiki/Edinburgh	GB
whc_128	Elvas	Organization of World Heritage Cities	2026	300008389	https://en.wikipedia.org//wiki/Elvas	PT
whc_129	Évora	Organization of World Heritage Cities	2026	300008389	https://en.wikipedia.org//wiki/%C3%89vora	PT
whc_130	Fontainebleau	Organization of World Heritage Cities	2026	300008389	https://en.wikipedia.org//wiki/Fontainebleau	FR
whc_131	Granada	Organization of World Heritage Cities	2026	300008389	https://en.wikipedia.org//wiki/Granada	ES
whc_132	Graz	Organization of World Heritage Cities	2026	300008389	https://en.wikipedia.org//wiki/Graz	AT
whc_133	Guimarães	Organization of World Heritage Cities	2026	300008389	https://en.wikipedia.org//wiki/Guimar%C3%A3es	PT
whc_134	Hamburg	Organization of World Heritage Cities	2026	300008389	https://en.wikipedia.org//wiki/Hamburg	DE
whc_135	Ibiza	Organization of World Heritage Cities	2026	300008389	https://en.wikipedia.org//wiki/Ibiza	ES
whc_136	Istanbul	Organization of World Heritage Cities	2026	300008389	https://en.wikipedia.org//wiki/Istanbul	TR
whc_137	Karlskrona	Organization of World Heritage Cities	2026	300008389	https://en.wikipedia.org//wiki/Karlskrona	SE
whc_138	Kazan	Organization of World Heritage Cities	2026	300008389	https://en.wikipedia.org//wiki/Kazan	RU
whc_139	Kolding	Organization of World Heritage Cities	2026	300008389	https://en.wikipedia.org//wiki/Kolding	DK
whc_140	Kotor	Organization of World Heritage Cities	2026	300008389	https://en.wikipedia.org//wiki/Kotor	ME
whc_141	Kraków	Organization of World Heritage Cities	2026	300008389	https://en.wikipedia.org//wiki/Krak%C3%B3w	PL
whc_142	Kutná Hora	Organization of World Heritage Cities	2026	300008389	https://en.wikipedia.org//wiki/Kutn%C3%A1_Hora	CZ
whc_143	Lviv	Organization of World Heritage Cities	2026	300008389	https://en.wikipedia.org//wiki/Lviv	UA
whc_144	Le Havre	Organization of World Heritage Cities	2026	300008389	https://en.wikipedia.org//wiki/Le_Havre	FR
whc_145	Lübeck	Organization of World Heritage Cities	2026	300008389	https://en.wikipedia.org//wiki/L%C3%BCbeck	DE
whc_146	Luxembourg	Organization of World Heritage Cities	2026	300008389	https://en.wikipedia.org//wiki/Luxembourg_City	LU
whc_147	Lyon	Organization of World Heritage Cities	2026	300008389	https://en.wikipedia.org//wiki/Lyon	FR
whc_148	Mérida	Organization of World Heritage Cities	2026	300008389	https://en.wikipedia.org//wiki/M%C3%A9rida,_Spain	ES
whc_149	Modena	Organization of World Heritage Cities	2026	300008389	https://en.wikipedia.org//wiki/Modena	IT
whc_150	Mont-Saint-Michel	Organization of World Heritage Cities	2026	300008389	https://en.wikipedia.org//wiki/Mont-Saint-Michel	FR
whc_151	Moscow	Organization of World Heritage Cities	2026	300008389	https://en.wikipedia.org//wiki/Moscow	RU
whc_152	Mostar	Organization of World Heritage Cities	2026	300008389	https://en.wikipedia.org//wiki/Mostar	BA
whc_153	Nancy	Organization of World Heritage Cities	2026	300008389	https://en.wikipedia.org//wiki/Nancy,_France	FR
whc_154	Naumburg	Organization of World Heritage Cities	2026	300008389	https://en.wikipedia.org//wiki/Naumburg	DE
whc_155	Nesebar	Organization of World Heritage Cities	2026	300008389	https://en.wikipedia.org//wiki/Nesebar	BG
whc_156	Notodden	Organization of World Heritage Cities	2026	300008389	https://en.wikipedia.org//wiki/Notodden_Municipality	NO
whc_157	Ohrid	Organization of World Heritage Cities	2026	300008389	https://en.wikipedia.org//wiki/Ohrid	MK
whc_158	Oviedo	Organization of World Heritage Cities	2026	300008389	https://en.wikipedia.org//wiki/Oviedo	ES
whc_159	Padula	Organization of World Heritage Cities	2026	300008389	https://en.wikipedia.org//wiki/Padula	IT
whc_160	Palazzolo Acreide	Organization of World Heritage Cities	2026	300008389	https://en.wikipedia.org//wiki/Palazzolo_Acreide	IT
whc_161	Paris	Organization of World Heritage Cities	2026	300008389	https://en.wikipedia.org//wiki/Paris	FR
whc_162	Patmos	Organization of World Heritage Cities	2026	300008389	https://en.wikipedia.org//wiki/Patmos	GR
whc_163	Porto	Organization of World Heritage Cities	2026	300008389	https://en.wikipedia.org//wiki/Porto	PT
whc_164	Potsdam	Organization of World Heritage Cities	2026	300008389	https://en.wikipedia.org//wiki/Potsdam	DE
whc_165	Prague	Organization of World Heritage Cities	2026	300008389	https://en.wikipedia.org//wiki/Prague	CZ
whc_166	Provins	Organization of World Heritage Cities	2026	300008389	https://en.wikipedia.org//wiki/Provins	FR
whc_167	Quedlinburg	Organization of World Heritage Cities	2026	300008389	https://en.wikipedia.org//wiki/Quedlinburg	DE
whc_168	Rauma	Organization of World Heritage Cities	2026	300008389	https://en.wikipedia.org//wiki/Rauma,_Finland	FI
whc_169	Regensburg	Organization of World Heritage Cities	2026	300008389	https://en.wikipedia.org//wiki/Regensburg	DE
whc_170	Rhodes	Organization of World Heritage Cities	2026	300008389	https://en.wikipedia.org//wiki/Rhodes_(city)	GR
whc_171	Riga	Organization of World Heritage Cities	2026	300008389	https://en.wikipedia.org//wiki/Riga	LV
whc_172	Røros	Organization of World Heritage Cities	2026	300008389	https://en.wikipedia.org//wiki/R%C3%B8ros_Municipality	NO
whc_173	Rotterdam	Organization of World Heritage Cities	2026	300008389	https://en.wikipedia.org//wiki/Rotterdam	NL
whc_174	Saint Petersburg	Organization of World Heritage Cities	2026	300008389	https://en.wikipedia.org//wiki/Saint_Petersburg	RU
whc_175	Salamanca	Organization of World Heritage Cities	2026	300008389	https://en.wikipedia.org//wiki/Salamanca	ES
whc_176	Salzburg	Organization of World Heritage Cities	2026	300008389	https://en.wikipedia.org//wiki/Salzburg	AT
whc_177	San Cristóbal de La Laguna	Organization of World Heritage Cities	2026	300008389	https://en.wikipedia.org//wiki/San_Crist%C3%B3bal_de_La_Laguna	ES
whc_178	San Gimignano	Organization of World Heritage Cities	2026	300008389	https://en.wikipedia.org//wiki/San_Gimignano	IT
whc_179	Santiago de Compostela	Organization of World Heritage Cities	2026	300008389	https://en.wikipedia.org//wiki/Santiago_de_Compostela	ES
whc_180	Segovia	Organization of World Heritage Cities	2026	300008389	https://en.wikipedia.org//wiki/Segovia	ES
whc_181	Sighișoara	Organization of World Heritage Cities	2026	300008389	https://en.wikipedia.org//wiki/Sighi%C8%99oara	RO
whc_182	Sintra	Organization of World Heritage Cities	2026	300008389	https://en.wikipedia.org//wiki/Sintra	PT
whc_183	Split	Organization of World Heritage Cities	2026	300008389	https://en.wikipedia.org//wiki/Split,_Croatia	HR
whc_184	Stockholm	Organization of World Heritage Cities	2026	300008389	https://en.wikipedia.org//wiki/Stockholm	SE
whc_185	Stralsund	Organization of World Heritage Cities	2026	300008389	https://en.wikipedia.org//wiki/Stralsund	DE
whc_186	Strasbourg	Organization of World Heritage Cities	2026	300008389	https://en.wikipedia.org//wiki/Strasbourg	FR
whc_187	Suzdal	Organization of World Heritage Cities	2026	300008389	https://en.wikipedia.org//wiki/Suzdal	RU
whc_188	Tallinn	Organization of World Heritage Cities	2026	300008389	https://en.wikipedia.org//wiki/Tallinn	EE
whc_189	Tarragona	Organization of World Heritage Cities	2026	300008389	https://en.wikipedia.org//wiki/Tarragona	ES
whc_190	Telč	Organization of World Heritage Cities	2026	300008389	https://en.wikipedia.org//wiki/Tel%C4%8D	CZ
whc_191	Telford	Organization of World Heritage Cities	2026	300008389	https://en.wikipedia.org//wiki/Telford	GB
whc_192	Tinn	Organization of World Heritage Cities	2026	300008389	https://en.wikipedia.org//wiki/Tinn_Municipality	NO
whc_193	Toledo	Organization of World Heritage Cities	2026	300008389	https://en.wikipedia.org//wiki/Toledo,_Spain	ES
whc_194	Toruń	Organization of World Heritage Cities	2026	300008389	https://en.wikipedia.org//wiki/Toru%C5%84	PL
whc_195	Třebíč	Organization of World Heritage Cities	2026	300008389	https://en.wikipedia.org//wiki/T%C5%99eb%C3%AD%C4%8D	CZ
whc_196	Trogir	Organization of World Heritage Cities	2026	300008389	https://en.wikipedia.org//wiki/Trogir	HR
whc_197	Úbeda	Organization of World Heritage Cities	2026	300008389	https://en.wikipedia.org//wiki/%C3%9Abeda	ES
whc_198	Urbino	Organization of World Heritage Cities	2026	300008389	https://en.wikipedia.org//wiki/Urbino	IT
whc_199	Vagharshapat	Organization of World Heritage Cities	2026	300008389	https://en.wikipedia.org//wiki/Vagharshapat	AM
whc_200	Valletta	Organization of World Heritage Cities	2026	300008389	https://en.wikipedia.org//wiki/Valletta	MT
whc_201	Vatican City	Organization of World Heritage Cities	2026	300008389	https://en.wikipedia.org//wiki/Vatican_City	VA
whc_202	Veliky Novgorod	Organization of World Heritage Cities	2026	300008389	https://en.wikipedia.org//wiki/Veliky_Novgorod	RU
whc_203	Vienna	Organization of World Heritage Cities	2026	300008389	https://en.wikipedia.org//wiki/Vienna	AT
whc_204	Vilnius	Organization of World Heritage Cities	2026	300008389	https://en.wikipedia.org//wiki/Vilnius	LT
whc_205	Vinje	Organization of World Heritage Cities	2026	300008389	https://en.wikipedia.org//wiki/Vinje_Municipality	NO
whc_206	Visby	Organization of World Heritage Cities	2026	300008389	https://en.wikipedia.org//wiki/Visby	SE
whc_207	Warsaw	Organization of World Heritage Cities	2026	300008389	https://en.wikipedia.org//wiki/Warsaw	PL
whc_208	Wismar	Organization of World Heritage Cities	2026	300008389	https://en.wikipedia.org//wiki/Wismar	DE
whc_209	Yaroslavl	Organization of World Heritage Cities	2026	300008389	https://en.wikipedia.org//wiki/Yaroslavl	RU
whc_210	Zamość	Organization of World Heritage Cities	2026	300008389	https://en.wikipedia.org//wiki/Zamo%C5%9B%C4%87	PL
whc_211	Arequipa	Organization of World Heritage Cities	2026	300008389	https://en.wikipedia.org//wiki/Arequipa	PE
whc_212	Belo Horizonte	Organization of World Heritage Cities	2026	300008389	https://en.wikipedia.org//wiki/Belo_Horizonte	BR
whc_213	Brasília	Organization of World Heritage Cities	2026	300008389	https://en.wikipedia.org//wiki/Bras%C3%ADlia	BR
whc_214	Bridgetown	Organization of World Heritage Cities	2026	300008389	https://en.wikipedia.org//wiki/Bridgetown	BB
whc_215	Camagüey	Organization of World Heritage Cities	2026	300008389	https://en.wikipedia.org//wiki/Camag%C3%BCey	CU
whc_216	Campeche	Organization of World Heritage Cities	2026	300008389	https://en.wikipedia.org//wiki/Campeche	MX
whc_217	Cartagena	Organization of World Heritage Cities	2026	300008389	https://en.wikipedia.org//wiki/Cartagena,_Colombia	CO
whc_218	Colonia del Sacramento	Organization of World Heritage Cities	2026	300008389	https://en.wikipedia.org//wiki/Colonia_del_Sacramento	UY
whc_219	Cuenca	Organization of World Heritage Cities	2026	300008389	https://en.wikipedia.org//wiki/Cuenca,_Ecuador	EC
whc_220	Cuernavaca	Organization of World Heritage Cities	2026	300008389	https://en.wikipedia.org//wiki/Cuernavaca	MX
whc_221	Cusco	Organization of World Heritage Cities	2026	300008389	https://en.wikipedia.org//wiki/Cusco	PE
whc_222	Diamantina	Organization of World Heritage Cities	2026	300008389	https://en.wikipedia.org//wiki/Diamantina,_Minas_Gerais	BR
whc_223	Fray Bentos	Organization of World Heritage Cities	2026	300008389	https://en.wikipedia.org//wiki/Fray_Bentos	UY
whc_224	Guadalajara	Organization of World Heritage Cities	2026	300008389	https://en.wikipedia.org//wiki/Guadalajara	MX
whc_225	Guanajuato	Organization of World Heritage Cities	2026	300008389	https://en.wikipedia.org//wiki/Guanajuato	MX
whc_226	Havana	Organization of World Heritage Cities	2026	300008389	https://en.wikipedia.org//wiki/Havana	CU
whc_227	Lima	Organization of World Heritage Cities	2026	300008389	https://en.wikipedia.org//wiki/Lima	PE
whc_228	Lunenburg	Organization of World Heritage Cities	2026	300008389	https://en.wikipedia.org//wiki/Lunenburg,_Nova_Scotia	CA
whc_229	Mexico City	Organization of World Heritage Cities	2026	300008389	https://en.wikipedia.org//wiki/Mexico_City	MX
whc_230	Morelia	Organization of World Heritage Cities	2026	300008389	https://en.wikipedia.org//wiki/Morelia	MX
whc_231	Oaxaca	Organization of World Heritage Cities	2026	300008389	https://en.wikipedia.org//wiki/Oaxaca_City	MX
whc_232	Olinda	Organization of World Heritage Cities	2026	300008389	https://en.wikipedia.org//wiki/Olinda	BR
whc_233	Ouro Preto	Organization of World Heritage Cities	2026	300008389	https://en.wikipedia.org//wiki/Ouro_Preto	BR
whc_234	Panama City	Organization of World Heritage Cities	2026	300008389	https://en.wikipedia.org//wiki/Panama_City	PA
whc_235	Philadelphia	Organization of World Heritage Cities	2026	300008389	https://en.wikipedia.org//wiki/Philadelphia	US
whc_236	Potosí	Organization of World Heritage Cities	2026	300008389	https://en.wikipedia.org//wiki/Potos%C3%AD	BO
whc_237	Puebla	Organization of World Heritage Cities	2026	300008389	https://en.wikipedia.org//wiki/Puebla	MX
whc_238	Quebec City	Organization of World Heritage Cities	2026	300008389	https://en.wikipedia.org//wiki/Quebec_City	CA
whc_239	Querétaro	Organization of World Heritage Cities	2026	300008389	https://en.wikipedia.org//wiki/Quer%C3%A9taro	MX
whc_240	Quito	Organization of World Heritage Cities	2026	300008389	https://en.wikipedia.org//wiki/Quito	EC
whc_241	Rimac	Organization of World Heritage Cities	2026	300008389	https://en.wikipedia.org//wiki/R%C3%ADmac_District	PE
whc_242	Rio de Janeiro	Organization of World Heritage Cities	2026	300008389	https://en.wikipedia.org//wiki/Rio_de_Janeiro	BR
whc_243	Salvador	Organization of World Heritage Cities	2026	300008389	https://en.wikipedia.org//wiki/Salvador,_Bahia	BR
whc_244	San Antonio	Organization of World Heritage Cities	2026	300008389	https://en.wikipedia.org//wiki/San_Antonio	US
whc_245	San Miguel de Allende	Organization of World Heritage Cities	2026	300008389	https://en.wikipedia.org//wiki/San_Miguel_de_Allende	MX
whc_246	San Pablo Villa de Mitla	Organization of World Heritage Cities	2026	300008389	https://en.wikipedia.org//wiki/San_Pablo_Villa_de_Mitla	MX
whc_247	Santa Ana de Coro	Organization of World Heritage Cities	2026	300008389	https://en.wikipedia.org//wiki/Santa_Ana_de_Coro	VE
whc_248	Santa Cruz de Mompox	Organization of World Heritage Cities	2026	300008389	https://en.wikipedia.org//wiki/Santa_Cruz_de_Mompox	CO
whc_249	São Luís	Organization of World Heritage Cities	2026	300008389	https://en.wikipedia.org//wiki/S%C3%A3o_Lu%C3%ADs,_Maranh%C3%A3o	BR
whc_250	St. George's	Organization of World Heritage Cities	2026	300008389	https://en.wikipedia.org//wiki/St._George%27s,_Bermuda	BM
whc_251	Sucre	Organization of World Heritage Cities	2026	300008389	https://en.wikipedia.org//wiki/Sucre	BO
whc_252	Tlacotalpan	Organization of World Heritage Cities	2026	300008389	https://en.wikipedia.org//wiki/Tlacotalpan	MX
whc_253	Trinidad	Organization of World Heritage Cities	2026	300008389	https://en.wikipedia.org//wiki/Trinidad,_Cuba	CU
whc_254	Trujillo	Organization of World Heritage Cities	2026	300008389	https://en.wikipedia.org//wiki/Trujillo,_Peru	PE
whc_255	Valparaíso	Organization of World Heritage Cities	2026	300008389	https://en.wikipedia.org//wiki/Valpara%C3%ADso	CL
whc_256	Willemstad	Organization of World Heritage Cities	2026	300008389	https://en.wikipedia.org//wiki/Willemstad	CW
whc_257	Xochimilco	Organization of World Heritage Cities	2026	300008389	https://en.wikipedia.org//wiki/Xochimilco	MX
whc_258	Zacatecas	Organization of World Heritage Cities	2026	300008389	https://en.wikipedia.org//wiki/Zacatecas_(city)	MX
