region	city	href	slug	title	country	country_href	country_slug
Africa	Agadez	/wiki/Agadez	Agadez	Agadez	Niger	/wiki/Niger	Niger
Africa	Cidade Velha	/wiki/Cidade_Velha	Cidade_Velha	Cidade Velha	Cape Verde	/wiki/Cape_Verde	Cape_Verde
Africa	Dakar	/wiki/Dakar	Dakar	Dakar	Senegal	/wiki/Senegal	Senegal
Africa	Grand-Bassam	/wiki/Grand-Bassam	Grand-Bassam	Grand-Bassam	Ivory Coast	/wiki/Ivory_Coast	Ivory_Coast
Africa	Harar Jugol	/wiki/Harar_Jugol	Harar_Jugol	Harar Jugol	Ethiopia	/wiki/Ethiopia	Ethiopia
Africa	Island of Mozambique	/wiki/Island_of_Mozambique	Island_of_Mozambique	Island of Mozambique	Mozambique	/wiki/Mozambique	Mozambique
Africa	Lamu	/wiki/Lamu	Lamu	Lamu	Kenya	/wiki/Kenya	Kenya
Africa	Mombasa	/wiki/Mombasa	Mombasa	Mombasa	Kenya	/wiki/Kenya	Kenya
Africa	Saint-Louis	/wiki/Saint-Louis,_Senegal	Saint-Louis,_Senegal	Saint-Louis, Senegal	Senegal	/wiki/Senegal	Senegal
Africa	Timbuktu	/wiki/Timbuktu	Timbuktu	Timbuktu	Mali	/wiki/Mali	Mali
Africa	Zanzibar City	/wiki/Zanzibar_City	Zanzibar_City	Zanzibar City	Tanzania	/wiki/Tanzania	Tanzania
Arab states	Aleppo	/wiki/Aleppo	Aleppo	Aleppo	Syria	/wiki/Syria	Syria
Arab states	Algiers	/wiki/Algiers	Algiers	Algiers	Algeria	/wiki/Algeria	Algeria
Arab states	Cairo	/wiki/Cairo	Cairo	Cairo	Egypt	/wiki/Egypt	Egypt
Arab states	Damascus	/wiki/Damascus	Damascus	Damascus	Syria	/wiki/Syria	Syria
Arab states	Erbil	/wiki/Erbil	Erbil	Erbil	Iraq	/wiki/Iraq	Iraq
Arab states	Essaouira	/wiki/Essaouira	Essaouira	Essaouira	Morocco	/wiki/Morocco	Morocco
Arab states	Fez	/wiki/Fez,_Morocco	Fez,_Morocco	Fez, Morocco	Morocco	/wiki/Morocco	Morocco
Arab states	Ghadames	/wiki/Ghadames	Ghadames	Ghadames	Libya	/wiki/Libya	Libya
Arab states	Ghardaïa	/wiki/Gharda%C3%AFa	Gharda%C3%AFa	Ghardaïa	Algeria	/wiki/Algeria	Algeria
Arab states	Jeddah	/wiki/Jeddah	Jeddah	Jeddah	Saudi Arabia	/wiki/Saudi_Arabia	Saudi_Arabia
Arab states	Kairouan	/wiki/Kairouan	Kairouan	Kairouan	Tunisia	/wiki/Tunisia	Tunisia
Arab states	Marrakesh	/wiki/Marrakesh	Marrakesh	Marrakesh	Morocco	/wiki/Morocco	Morocco
Arab states	Meknes	/wiki/Meknes	Meknes	Meknes	Morocco	/wiki/Morocco	Morocco
Arab states	Muharraq	/wiki/Muharraq	Muharraq	Muharraq	Bahrain	/wiki/Bahrain	Bahrain
Arab states	Rabat	/wiki/Rabat	Rabat	Rabat	Morocco	/wiki/Morocco	Morocco
Arab states	Sanaa	/wiki/Sanaa	Sanaa	Sanaa	Yemen	/wiki/Yemen	Yemen
Arab states	Shibam	/wiki/Shibam	Shibam	Shibam	Yemen	/wiki/Yemen	Yemen
Arab states	Sousse	/wiki/Sousse	Sousse	Sousse	Tunisia	/wiki/Tunisia	Tunisia
Arab states	Tétouan	/wiki/T%C3%A9touan	T%C3%A9touan	Tétouan	Morocco	/wiki/Morocco	Morocco
Arab states	Tunis	/wiki/Tunis	Tunis	Tunis	Tunisia	/wiki/Tunisia	Tunisia
Arab states	Zabid	/wiki/Zabid	Zabid	Zabid	Yemen	/wiki/Yemen	Yemen
Asia and the Pacific	Ahmedabad	/wiki/Ahmedabad,_India	Ahmedabad,_India	Ahmedabad, India	India	/wiki/India	India
Asia and the Pacific	Acre	/wiki/Acre,_Israel	Acre,_Israel	Acre, Israel	Israel	/wiki/Israel	Israel
Asia and the Pacific	Aktau	/wiki/Aktau	Aktau	Aktau	Kazakhstan	/wiki/Kazakhstan	Kazakhstan
Asia and the Pacific	Jaipur	/wiki/Jaipur,_India	Jaipur,_India	Jaipur, India	India	/wiki/India	India
Asia and the Pacific	Andong	/wiki/Andong	Andong	Andong	South Korea	/wiki/South_Korea	South_Korea
Asia and the Pacific	Anuradhapura	/wiki/Anuradhapura	Anuradhapura	Anuradhapura	Sri Lanka	/wiki/Sri_Lanka	Sri_Lanka
Asia and the Pacific	Baku-Old City	/wiki/Old_City_(Baku)	Old_City_(Baku)	Old City (Baku)	Azerbaijan	/wiki/Azerbaijan	Azerbaijan
Asia and the Pacific	Bam	/wiki/Bam,_Iran	Bam,_Iran	Bam, Iran	Iran	/wiki/Iran	Iran
Asia and the Pacific	Bergama	/wiki/Bergama	Bergama	Bergama	Turkey	/wiki/Turkey	Turkey
Asia and the Pacific	Bhaktapur	/wiki/Bhaktapur	Bhaktapur	Bhaktapur	Nepal	/wiki/Nepal	Nepal
Asia and the Pacific	Boeun	/wiki/Boeun_County	Boeun_County	Boeun County	South Korea	/wiki/South_Korea	South_Korea
Asia and the Pacific	Bursa	/wiki/Bursa	Bursa	Bursa	Turkey	/wiki/Turkey	Turkey
Asia and the Pacific	Buyeo County	/wiki/Buyeo_County	Buyeo_County	Buyeo County	South Korea	/wiki/South_Korea	South_Korea
Asia and the Pacific	Chengde	/wiki/Chengde	Chengde	Chengde	China	/wiki/China	China
Asia and the Pacific	Denpasar	/wiki/Denpasar	Denpasar	Denpasar	Indonesia	/wiki/Indonesia	Indonesia
Asia and the Pacific	Diyarbakır	/wiki/Diyarbak%C4%B1r	Diyarbak%C4%B1r	Diyarbakır	Turkey	/wiki/Turkey	Turkey
Asia and the Pacific	Dujiangyan City	/wiki/Dujiangyan_City	Dujiangyan_City	Dujiangyan City	China	/wiki/China	China
Asia and the Pacific	Galle	/wiki/Galle	Galle	Galle	Sri Lanka	/wiki/Sri_Lanka	Sri_Lanka
Asia and the Pacific	George Town	/wiki/George_Town,_Penang	George_Town,_Penang	George Town, Penang	Malaysia	/wiki/Malaysia	Malaysia
Asia and the Pacific	Gianyar	/wiki/Gianyar_Regency	Gianyar_Regency	Gianyar Regency	Indonesia	/wiki/Indonesia	Indonesia
Asia and the Pacific	Gochang County	/wiki/Gochang_County	Gochang_County	Gochang County	South Korea	/wiki/South_Korea	South_Korea
Asia and the Pacific	Gongju	/wiki/Gongju	Gongju	Gongju	South Korea	/wiki/South_Korea	South_Korea
Asia and the Pacific	Goris	/wiki/Goris	Goris	Goris	Armenia	/wiki/Armenia	Armenia
Asia and the Pacific	Gwangju	/wiki/Gwangju,_Gyeonggi	Gwangju,_Gyeonggi	Gwangju, Gyeonggi	South Korea	/wiki/South_Korea	South_Korea
Asia and the Pacific	Gyeongju	/wiki/Gyeongju	Gyeongju	Gyeongju	South Korea	/wiki/South_Korea	South_Korea
Asia and the Pacific	Haenam	/wiki/Haenam_County	Haenam_County	Haenam County	South Korea	/wiki/South_Korea	South_Korea
Asia and the Pacific	Hapcheon	/wiki/Hapcheon_County	Hapcheon_County	Hapcheon County	South Korea	/wiki/South_Korea	South_Korea
Asia and the Pacific	Hội An	/wiki/H%E1%BB%99i_An	H%E1%BB%99i_An	Hội An	Vietnam	/wiki/Vietnam	Vietnam
Asia and the Pacific	Huế	/wiki/Hu%E1%BA%BF	Hu%E1%BA%BF	Huế	Vietnam	/wiki/Vietnam	Vietnam
Asia and the Pacific	Hwasun County	/wiki/Hwasun_County	Hwasun_County	Hwasun County	South Korea	/wiki/South_Korea	South_Korea
Asia and the Pacific	Istanbul	/wiki/Istanbul	Istanbul	Istanbul	Turkey	/wiki/Turkey	Turkey
Asia and the Pacific	Iksan	/wiki/Iksan	Iksan	Iksan	South Korea	/wiki/South_Korea	South_Korea
Asia and the Pacific	Jerusalem	/wiki/Jerusalem	Jerusalem	Jerusalem	Israel	/wiki/Israel	Israel
Asia and the Pacific	Jongno	/wiki/Jongno_District	Jongno_District	Jongno District	South Korea	/wiki/South_Korea	South_Korea
Asia and the Pacific	Kandy	/wiki/Kandy	Kandy	Kandy	Sri Lanka	/wiki/Sri_Lanka	Sri_Lanka
Asia and the Pacific	Karangasem	/wiki/Karangasem_Regency	Karangasem_Regency	Karangasem Regency	Indonesia	/wiki/Indonesia	Indonesia
Asia and the Pacific	Kathmandu	/wiki/Kathmandu	Kathmandu	Kathmandu	Nepal	/wiki/Nepal	Nepal
Asia and the Pacific	Khiva	/wiki/Khiva	Khiva	Khiva	Uzbekistan	/wiki/Uzbekistan	Uzbekistan
Asia and the Pacific	Konya	/wiki/Konya	Konya	Konya	Turkey	/wiki/Turkey	Turkey
Asia and the Pacific	Kyoto	/wiki/Kyoto	Kyoto	Kyoto	Japan	/wiki/Japan	Japan
Asia and the Pacific	Lalitpur (Patan)	/wiki/Lalitpur,_Nepal	Lalitpur,_Nepal	Lalitpur, Nepal	Nepal	/wiki/Nepal	Nepal
Asia and the Pacific	Levuka	/wiki/Levuka	Levuka	Levuka	Fiji	/wiki/Fiji	Fiji
Asia and the Pacific	Lijiang	/wiki/Lijiang	Lijiang	Lijiang	China	/wiki/China	China
Asia and the Pacific	Luang Prabang	/wiki/Luang_Prabang	Luang_Prabang	Luang Prabang	Laos	/wiki/Laos	Laos
Asia and the Pacific	Macau	/wiki/Macau	Macau	Macau	China	/wiki/China	China
Asia and the Pacific	Melaka	/wiki/Melaka	Melaka	Melaka	Malaysia	/wiki/Malaysia	Malaysia
Asia and the Pacific	Miagao	/wiki/Miagao	Miagao	Miagao	Philippines	/wiki/Philippines	Philippines
Asia and the Pacific	Nara	/wiki/Nara,_Nara	Nara,_Nara	Nara, Nara	Japan	/wiki/Japan	Japan
Asia and the Pacific	Pyay	/wiki/Pyay	Pyay	Pyay	Myanmar	/wiki/Myanmar	Myanmar
Asia and the Pacific	Safranbolu	/wiki/Safranbolu	Safranbolu	Safranbolu	Turkey	/wiki/Turkey	Turkey
Asia and the Pacific	Selçuk	/wiki/Sel%C3%A7uk	Sel%C3%A7uk	Selçuk	Turkey	/wiki/Turkey	Turkey
Asia and the Pacific	Seongbuk	/wiki/Seongbuk_District	Seongbuk_District	Seongbuk District	South Korea	/wiki/South_Korea	South_Korea
Asia and the Pacific	Singapore	/wiki/Singapore	Singapore	Singapore			
Asia and the Pacific	Surakarta	/wiki/Surakarta	Surakarta	Surakarta	Indonesia	/wiki/Indonesia	Indonesia
Asia and the Pacific	Suwon	/wiki/Suwon	Suwon	Suwon	South Korea	/wiki/South_Korea	South_Korea
Asia and the Pacific	Suzhou	/wiki/Suzhou,_Jiangsu	Suzhou,_Jiangsu	Suzhou, Jiangsu	China	/wiki/China	China
Asia and the Pacific	Tel Aviv	/wiki/Tel_Aviv	Tel_Aviv	Tel Aviv	Israel	/wiki/Israel	Israel
Asia and the Pacific	Turkistan	/wiki/Turkistan_(city)	Turkistan_(city)	Turkistan (city)	Kazakhstan	/wiki/Kazakhstan	Kazakhstan
Asia and the Pacific	Vigan	/wiki/Vigan	Vigan	Vigan	Philippines	/wiki/Philippines	Philippines
Asia and the Pacific	Yangsan	/wiki/Yangsan	Yangsan	Yangsan	South Korea	/wiki/South_Korea	South_Korea
Asia and the Pacific	Yazd	/wiki/Yazd	Yazd	Yazd	Iran	/wiki/Iran	Iran
Asia and the Pacific	Yeongju	/wiki/Yeongju	Yeongju	Yeongju	South Korea	/wiki/South_Korea	South_Korea
Asia and the Pacific	Yerevan	/wiki/Yerevan	Yerevan	Yerevan	Armenia	/wiki/Armenia	Armenia
Europe	Alcalá de Henares	/wiki/Alcal%C3%A1_de_Henares	Alcal%C3%A1_de_Henares	Alcalá de Henares	Spain	/wiki/Spain	Spain
Europe	Amsterdam	/wiki/Amsterdam	Amsterdam	Amsterdam	Netherlands	/wiki/Netherlands	Netherlands
Europe	Angra do Heroísmo	/wiki/Angra_do_Hero%C3%ADsmo	Angra_do_Hero%C3%ADsmo	Angra do Heroísmo	Portugal	/wiki/Portugal	Portugal
Europe	Aranjuez	/wiki/Aranjuez	Aranjuez	Aranjuez	Spain	/wiki/Spain	Spain
Europe	Augsburg	/wiki/Augsburg	Augsburg	Augsburg	Germany	/wiki/Germany	Germany
Europe	Ávila	/wiki/%C3%81vila	%C3%81vila	Ávila	Spain	/wiki/Spain	Spain
Europe	Baeza	/wiki/Baeza,_Spain	Baeza,_Spain	Baeza, Spain	Spain	/wiki/Spain	Spain
Europe	Bamberg	/wiki/Bamberg	Bamberg	Bamberg	Germany	/wiki/Germany	Germany
Europe	Banská Štiavnica	/wiki/Bansk%C3%A1_%C5%A0tiavnica	Bansk%C3%A1_%C5%A0tiavnica	Banská Štiavnica	Slovakia	/wiki/Slovakia	Slovakia
Europe	Bardejov	/wiki/Bardejov	Bardejov	Bardejov	Slovakia	/wiki/Slovakia	Slovakia
Europe	Bath	/wiki/Bath,_Somerset	Bath,_Somerset	Bath, Somerset	United Kingdom	/wiki/United_Kingdom	United_Kingdom
Europe	Beemster	/wiki/Beemster	Beemster	Beemster	Netherlands	/wiki/Netherlands	Netherlands
Europe	Bergen	/wiki/Bergen_Municipality	Bergen_Municipality	Bergen Municipality	Norway	/wiki/Norway	Norway
Europe	Berlin	/wiki/Berlin	Berlin	Berlin	Germany	/wiki/Germany	Germany
Europe	Bern	/wiki/Bern	Bern	Bern	Switzerland	/wiki/Switzerland	Switzerland
Europe	Bernau bei Berlin	/wiki/Bernau_bei_Berlin	Bernau_bei_Berlin	Bernau bei Berlin	Germany	/wiki/Germany	Germany
Europe	Biertan	/wiki/Biertan	Biertan	Biertan	Romania	/wiki/Romania	Romania
Europe	Bolgar	/wiki/Bolgar,_Spassky_District,_Republic_of_Tatarstan	Bolgar,_Spassky_District,_Republic_of_Tatarstan	Bolgar, Spassky District, Republic of Tatarstan	Russia	/wiki/Russia	Russia
Europe	Bordeaux	/wiki/Bordeaux	Bordeaux	Bordeaux	France	/wiki/France	France
Europe	Bruges	/wiki/Bruges	Bruges	Bruges	Belgium	/wiki/Belgium	Belgium
Europe	Brussels	/wiki/Brussels	Brussels	Brussels	Belgium	/wiki/Belgium	Belgium
Europe	Budapest	/wiki/Budapest	Budapest	Budapest	Hungary	/wiki/Hungary	Hungary
Europe	Cáceres	/wiki/C%C3%A1ceres,_Spain	C%C3%A1ceres,_Spain	Cáceres, Spain	Spain	/wiki/Spain	Spain
Europe	Carcassonne	/wiki/Carcassonne	Carcassonne	Carcassonne	France	/wiki/France	France
Europe	Český Krumlov	/wiki/%C4%8Cesk%C3%BD_Krumlov	%C4%8Cesk%C3%BD_Krumlov	Český Krumlov	Czech Republic	/wiki/Czech_Republic	Czech_Republic
Europe	Coimbra	/wiki/Coimbra	Coimbra	Coimbra	Portugal	/wiki/Portugal	Portugal
Europe	Córdoba	/wiki/C%C3%B3rdoba,_Andalusia	C%C3%B3rdoba,_Andalusia	Córdoba, Andalusia	Spain	/wiki/Spain	Spain
Europe	Cuenca	/wiki/Cuenca,_Spain	Cuenca,_Spain	Cuenca, Spain	Spain	/wiki/Spain	Spain
Europe	Derbent	/wiki/Derbent	Derbent	Derbent	Russia	/wiki/Russia	Russia
Europe	Dessau	/wiki/Dessau	Dessau	Dessau	Germany	/wiki/Germany	Germany
Europe	Dubrovnik	/wiki/Dubrovnik	Dubrovnik	Dubrovnik	Croatia	/wiki/Croatia	Croatia
Europe	Edinburgh	/wiki/Edinburgh	Edinburgh	Edinburgh	United Kingdom	/wiki/United_Kingdom	United_Kingdom
Europe	Elvas	/wiki/Elvas	Elvas	Elvas	Portugal	/wiki/Portugal	Portugal
Europe	Évora	/wiki/%C3%89vora	%C3%89vora	Évora	Portugal	/wiki/Portugal	Portugal
Europe	Fontainebleau	/wiki/Fontainebleau	Fontainebleau	Fontainebleau	France	/wiki/France	France
Europe	Granada	/wiki/Granada	Granada	Granada	Spain	/wiki/Spain	Spain
Europe	Graz	/wiki/Graz	Graz	Graz	Austria	/wiki/Austria	Austria
Europe	Guimarães	/wiki/Guimar%C3%A3es	Guimar%C3%A3es	Guimarães	Portugal	/wiki/Portugal	Portugal
Europe	Hamburg	/wiki/Hamburg	Hamburg	Hamburg	Germany	/wiki/Germany	Germany
Europe	Ibiza	/wiki/Ibiza	Ibiza	Ibiza	Spain	/wiki/Spain	Spain
Europe	Istanbul	/wiki/Istanbul	Istanbul	Istanbul	Turkey	/wiki/Turkey	Turkey
Europe	Karlskrona	/wiki/Karlskrona	Karlskrona	Karlskrona	Sweden	/wiki/Sweden	Sweden
Europe	Kazan	/wiki/Kazan	Kazan	Kazan	Russia	/wiki/Russia	Russia
Europe	Kolding	/wiki/Kolding	Kolding	Kolding	Denmark	/wiki/Denmark	Denmark
Europe	Kotor	/wiki/Kotor	Kotor	Kotor	Montenegro	/wiki/Montenegro	Montenegro
Europe	Kraków	/wiki/Krak%C3%B3w	Krak%C3%B3w	Kraków	Poland	/wiki/Poland	Poland
Europe	Kutná Hora	/wiki/Kutn%C3%A1_Hora	Kutn%C3%A1_Hora	Kutná Hora	Czech Republic	/wiki/Czech_Republic	Czech_Republic
Europe	Lviv	/wiki/Lviv	Lviv	Lviv	Ukraine	/wiki/Ukraine	Ukraine
Europe	Le Havre	/wiki/Le_Havre	Le_Havre	Le Havre	France	/wiki/France	France
Europe	Lübeck	/wiki/L%C3%BCbeck	L%C3%BCbeck	Lübeck	Germany	/wiki/Germany	Germany
Europe	Luxembourg	/wiki/Luxembourg_City	Luxembourg_City	Luxembourg City	Luxembourg	/wiki/Luxembourg	Luxembourg
Europe	Lyon	/wiki/Lyon	Lyon	Lyon	France	/wiki/France	France
Europe	Mérida	/wiki/M%C3%A9rida,_Spain	M%C3%A9rida,_Spain	Mérida, Spain	Spain	/wiki/Spain	Spain
Europe	Modena	/wiki/Modena	Modena	Modena	Italy	/wiki/Italy	Italy
Europe	Mont-Saint-Michel	/wiki/Mont-Saint-Michel	Mont-Saint-Michel	Mont-Saint-Michel	France	/wiki/France	France
Europe	Moscow	/wiki/Moscow	Moscow	Moscow	Russia	/wiki/Russia	Russia
Europe	Mostar	/wiki/Mostar	Mostar	Mostar	Bosnia and Herzegovina	/wiki/Bosnia_and_Herzegovina	Bosnia_and_Herzegovina
Europe	Nancy	/wiki/Nancy,_France	Nancy,_France	Nancy, France	France	/wiki/France	France
Europe	Naumburg	/wiki/Naumburg	Naumburg	Naumburg	Germany	/wiki/Germany	Germany
Europe	Nesebar	/wiki/Nesebar	Nesebar	Nesebar	Bulgaria	/wiki/Bulgaria	Bulgaria
Europe	Notodden	/wiki/Notodden_Municipality	Notodden_Municipality	Notodden Municipality	Norway	/wiki/Norway	Norway
Europe	Ohrid	/wiki/Ohrid	Ohrid	Ohrid	North Macedonia	/wiki/North_Macedonia	North_Macedonia
Europe	Oviedo	/wiki/Oviedo	Oviedo	Oviedo	Spain	/wiki/Spain	Spain
Europe	Padula	/wiki/Padula	Padula	Padula	Italy	/wiki/Italy	Italy
Europe	Palazzolo Acreide	/wiki/Palazzolo_Acreide	Palazzolo_Acreide	Palazzolo Acreide	Italy	/wiki/Italy	Italy
Europe	Paris	/wiki/Paris	Paris	Paris	France	/wiki/France	France
Europe	Patmos	/wiki/Patmos	Patmos	Patmos	Greece	/wiki/Greece	Greece
Europe	Porto	/wiki/Porto	Porto	Porto	Portugal	/wiki/Portugal	Portugal
Europe	Potsdam	/wiki/Potsdam	Potsdam	Potsdam	Germany	/wiki/Germany	Germany
Europe	Prague	/wiki/Prague	Prague	Prague	Czech Republic	/wiki/Czech_Republic	Czech_Republic
Europe	Provins	/wiki/Provins	Provins	Provins	France	/wiki/France	France
Europe	Quedlinburg	/wiki/Quedlinburg	Quedlinburg	Quedlinburg	Germany	/wiki/Germany	Germany
Europe	Rauma	/wiki/Rauma,_Finland	Rauma,_Finland	Rauma, Finland	Finland	/wiki/Finland	Finland
Europe	Regensburg	/wiki/Regensburg	Regensburg	Regensburg	Germany	/wiki/Germany	Germany
Europe	Rhodes	/wiki/Rhodes_(city)	Rhodes_(city)	Rhodes (city)	Greece	/wiki/Greece	Greece
Europe	Riga	/wiki/Riga	Riga	Riga	Latvia	/wiki/Latvia	Latvia
Europe	Røros	/wiki/R%C3%B8ros_Municipality	R%C3%B8ros_Municipality	Røros Municipality	Norway	/wiki/Norway	Norway
Europe	Rotterdam	/wiki/Rotterdam	Rotterdam	Rotterdam	Netherlands	/wiki/Netherlands	Netherlands
Europe	Saint Petersburg	/wiki/Saint_Petersburg	Saint_Petersburg	Saint Petersburg	Russia	/wiki/Russia	Russia
Europe	Salamanca	/wiki/Salamanca	Salamanca	Salamanca	Spain	/wiki/Spain	Spain
Europe	Salzburg	/wiki/Salzburg	Salzburg	Salzburg	Austria	/wiki/Austria	Austria
Europe	San Cristóbal de La Laguna	/wiki/San_Crist%C3%B3bal_de_La_Laguna	San_Crist%C3%B3bal_de_La_Laguna	San Cristóbal de La Laguna	Spain	/wiki/Spain	Spain
Europe	San Gimignano	/wiki/San_Gimignano	San_Gimignano	San Gimignano	Italy	/wiki/Italy	Italy
Europe	Santiago de Compostela	/wiki/Santiago_de_Compostela	Santiago_de_Compostela	Santiago de Compostela	Spain	/wiki/Spain	Spain
Europe	Segovia	/wiki/Segovia	Segovia	Segovia	Spain	/wiki/Spain	Spain
Europe	Sighișoara	/wiki/Sighi%C8%99oara	Sighi%C8%99oara	Sighișoara	Romania	/wiki/Romania	Romania
Europe	Sintra	/wiki/Sintra	Sintra	Sintra	Portugal	/wiki/Portugal	Portugal
Europe	Split	/wiki/Split,_Croatia	Split,_Croatia	Split, Croatia	Croatia	/wiki/Croatia	Croatia
Europe	Stockholm	/wiki/Stockholm	Stockholm	Stockholm	Sweden	/wiki/Sweden	Sweden
Europe	Stralsund	/wiki/Stralsund	Stralsund	Stralsund	Germany	/wiki/Germany	Germany
Europe	Strasbourg	/wiki/Strasbourg	Strasbourg	Strasbourg	France	/wiki/France	France
Europe	Suzdal	/wiki/Suzdal	Suzdal	Suzdal	Russia	/wiki/Russia	Russia
Europe	Tallinn	/wiki/Tallinn	Tallinn	Tallinn	Estonia	/wiki/Estonia	Estonia
Europe	Tarragona	/wiki/Tarragona	Tarragona	Tarragona	Spain	/wiki/Spain	Spain
Europe	Telč	/wiki/Tel%C4%8D	Tel%C4%8D	Telč	Czech Republic	/wiki/Czech_Republic	Czech_Republic
Europe	Telford	/wiki/Telford	Telford	Telford	United Kingdom	/wiki/United_Kingdom	United_Kingdom
Europe	Tinn	/wiki/Tinn_Municipality	Tinn_Municipality	Tinn Municipality	Norway	/wiki/Norway	Norway
Europe	Toledo	/wiki/Toledo,_Spain	Toledo,_Spain	Toledo, Spain	Spain	/wiki/Spain	Spain
Europe	Toruń	/wiki/Toru%C5%84	Toru%C5%84	Toruń	Poland	/wiki/Poland	Poland
Europe	Třebíč	/wiki/T%C5%99eb%C3%AD%C4%8D	T%C5%99eb%C3%AD%C4%8D	Třebíč	Czech Republic	/wiki/Czech_Republic	Czech_Republic
Europe	Trogir	/wiki/Trogir	Trogir	Trogir	Croatia	/wiki/Croatia	Croatia
Europe	Úbeda	/wiki/%C3%9Abeda	%C3%9Abeda	Úbeda	Spain	/wiki/Spain	Spain
Europe	Urbino	/wiki/Urbino	Urbino	Urbino	Italy	/wiki/Italy	Italy
Europe	Vagharshapat	/wiki/Vagharshapat	Vagharshapat	Vagharshapat	Armenia	/wiki/Armenia	Armenia
Europe	Valletta	/wiki/Valletta	Valletta	Valletta	Malta	/wiki/Malta	Malta
Europe	Vatican City	/wiki/Vatican_City	Vatican_City	Vatican City	Holy See	/wiki/Holy_See	Holy_See
Europe	Veliky Novgorod	/wiki/Veliky_Novgorod	Veliky_Novgorod	Veliky Novgorod	Russia	/wiki/Russia	Russia
Europe	Vienna	/wiki/Vienna	Vienna	Vienna	Austria	/wiki/Austria	Austria
Europe	Vilnius	/wiki/Vilnius	Vilnius	Vilnius	Lithuania	/wiki/Lithuania	Lithuania
Europe	Vinje	/wiki/Vinje_Municipality	Vinje_Municipality	Vinje Municipality	Norway	/wiki/Norway	Norway
Europe	Visby	/wiki/Visby	Visby	Visby	Sweden	/wiki/Sweden	Sweden
Europe	Warsaw	/wiki/Warsaw	Warsaw	Warsaw	Poland	/wiki/Poland	Poland
Europe	Wismar	/wiki/Wismar	Wismar	Wismar	Germany	/wiki/Germany	Germany
Europe	Yaroslavl	/wiki/Yaroslavl	Yaroslavl	Yaroslavl	Russia	/wiki/Russia	Russia
Europe	Zamość	/wiki/Zamo%C5%9B%C4%87	Zamo%C5%9B%C4%87	Zamość	Poland	/wiki/Poland	Poland
Americas	Arequipa	/wiki/Arequipa	Arequipa	Arequipa	Peru	/wiki/Peru	Peru
Americas	Belo Horizonte	/wiki/Belo_Horizonte	Belo_Horizonte	Belo Horizonte	Brazil	/wiki/Brazil	Brazil
Americas	Brasília	/wiki/Bras%C3%ADlia	Bras%C3%ADlia	Brasília	Brazil	/wiki/Brazil	Brazil
Americas	Bridgetown	/wiki/Bridgetown	Bridgetown	Bridgetown	Barbados	/wiki/Barbados	Barbados
Americas	Camagüey	/wiki/Camag%C3%BCey	Camag%C3%BCey	Camagüey	Cuba	/wiki/Cuba	Cuba
Americas	Campeche	/wiki/Campeche	Campeche	Campeche	Mexico	/wiki/Mexico	Mexico
Americas	Cartagena	/wiki/Cartagena,_Colombia	Cartagena,_Colombia	Cartagena, Colombia	Colombia	/wiki/Colombia	Colombia
Americas	Colonia del Sacramento	/wiki/Colonia_del_Sacramento	Colonia_del_Sacramento	Colonia del Sacramento	Uruguay	/wiki/Uruguay	Uruguay
Americas	Cuenca	/wiki/Cuenca,_Ecuador	Cuenca,_Ecuador	Cuenca, Ecuador	Ecuador	/wiki/Ecuador	Ecuador
Americas	Cuernavaca	/wiki/Cuernavaca	Cuernavaca	Cuernavaca	Mexico	/wiki/Mexico	Mexico
Americas	Cusco	/wiki/Cusco	Cusco	Cusco	Peru	/wiki/Peru	Peru
Americas	Diamantina	/wiki/Diamantina,_Minas_Gerais	Diamantina,_Minas_Gerais	Diamantina, Minas Gerais	Brazil	/wiki/Brazil	Brazil
Americas	Fray Bentos	/wiki/Fray_Bentos	Fray_Bentos	Fray Bentos	Uruguay	/wiki/Uruguay	Uruguay
Americas	Guadalajara	/wiki/Guadalajara	Guadalajara	Guadalajara	Mexico	/wiki/Mexico	Mexico
Americas	Guanajuato	/wiki/Guanajuato	Guanajuato	Guanajuato	Mexico	/wiki/Mexico	Mexico
Americas	Havana	/wiki/Havana	Havana	Havana	Cuba	/wiki/Cuba	Cuba
Americas	Lima	/wiki/Lima	Lima	Lima	Peru	/wiki/Peru	Peru
Americas	Lunenburg	/wiki/Lunenburg,_Nova_Scotia	Lunenburg,_Nova_Scotia	Lunenburg, Nova Scotia	Canada	/wiki/Canada	Canada
Americas	Mexico City	/wiki/Mexico_City	Mexico_City	Mexico City	Mexico	/wiki/Mexico	Mexico
Americas	Morelia	/wiki/Morelia	Morelia	Morelia	Mexico	/wiki/Mexico	Mexico
Americas	Oaxaca	/wiki/Oaxaca_City	Oaxaca_City	Oaxaca City	Mexico	/wiki/Mexico	Mexico
Americas	Olinda	/wiki/Olinda	Olinda	Olinda	Brazil	/wiki/Brazil	Brazil
Americas	Ouro Preto	/wiki/Ouro_Preto	Ouro_Preto	Ouro Preto	Brazil	/wiki/Brazil	Brazil
Americas	Panama City	/wiki/Panama_City	Panama_City	Panama City	Panama	/wiki/Panama	Panama
Americas	Philadelphia	/wiki/Philadelphia	Philadelphia	Philadelphia	United States	/wiki/United_States	United_States
Americas	Potosí	/wiki/Potos%C3%AD	Potos%C3%AD	Potosí	Bolivia	/wiki/Bolivia	Bolivia
Americas	Puebla	/wiki/Puebla	Puebla	Puebla	Mexico	/wiki/Mexico	Mexico
Americas	Quebec City	/wiki/Quebec_City	Quebec_City	Quebec City	Canada	/wiki/Canada	Canada
Americas	Querétaro	/wiki/Quer%C3%A9taro	Quer%C3%A9taro	Querétaro	Mexico	/wiki/Mexico	Mexico
Americas	Quito	/wiki/Quito	Quito	Quito	Ecuador	/wiki/Ecuador	Ecuador
Americas	Rimac	/wiki/R%C3%ADmac_District	R%C3%ADmac_District	Rímac District	Peru	/wiki/Peru	Peru
Americas	Rio de Janeiro	/wiki/Rio_de_Janeiro	Rio_de_Janeiro	Rio de Janeiro	Brazil	/wiki/Brazil	Brazil
Americas	Salvador	/wiki/Salvador,_Bahia	Salvador,_Bahia	Salvador, Bahia	Brazil	/wiki/Brazil	Brazil
Americas	San Antonio	/wiki/San_Antonio	San_Antonio	San Antonio	United States	/wiki/United_States	United_States
Americas	San Miguel de Allende	/wiki/San_Miguel_de_Allende	San_Miguel_de_Allende	San Miguel de Allende	Mexico	/wiki/Mexico	Mexico
Americas	San Pablo Villa de Mitla	/wiki/San_Pablo_Villa_de_Mitla	San_Pablo_Villa_de_Mitla	San Pablo Villa de Mitla	Mexico	/wiki/Mexico	Mexico
Americas	Santa Ana de Coro	/wiki/Santa_Ana_de_Coro	Santa_Ana_de_Coro	Santa Ana de Coro	Venezuela	/wiki/Venezuela	Venezuela
Americas	Santa Cruz de Mompox	/wiki/Santa_Cruz_de_Mompox	Santa_Cruz_de_Mompox	Santa Cruz de Mompox	Colombia	/wiki/Colombia	Colombia
Americas	São Luís	/wiki/S%C3%A3o_Lu%C3%ADs,_Maranh%C3%A3o	S%C3%A3o_Lu%C3%ADs,_Maranh%C3%A3o	São Luís, Maranhão	Brazil	/wiki/Brazil	Brazil
Americas	St. George's	/wiki/St._George%27s,_Bermuda	St._George%27s,_Bermuda	St. George's, Bermuda	Bermuda	/wiki/Bermuda	Bermuda
Americas	Sucre	/wiki/Sucre	Sucre	Sucre	Bolivia	/wiki/Bolivia	Bolivia
Americas	Tlacotalpan	/wiki/Tlacotalpan	Tlacotalpan	Tlacotalpan	Mexico	/wiki/Mexico	Mexico
Americas	Trinidad	/wiki/Trinidad,_Cuba	Trinidad,_Cuba	Trinidad, Cuba	Cuba	/wiki/Cuba	Cuba
Americas	Trujillo	/wiki/Trujillo,_Peru	Trujillo,_Peru	Trujillo, Peru	Peru	/wiki/Peru	Peru
Americas	Valparaíso	/wiki/Valpara%C3%ADso	Valpara%C3%ADso	Valparaíso	Chile	/wiki/Chile	Chile
Americas	Willemstad	/wiki/Willemstad	Willemstad	Willemstad	Curaçao	/wiki/Cura%C3%A7ao	Cura%C3%A7ao
Americas	Xochimilco	/wiki/Xochimilco	Xochimilco	Xochimilco	Mexico	/wiki/Mexico	Mexico
Americas	Zacatecas	/wiki/Zacatecas_(city)	Zacatecas_(city)	Zacatecas (city)	Mexico	/wiki/Mexico	Mexico
